{"count":1,"self":146.28049919999998,"total":149.8033891,"children":{"InitializeActuators":{"count":4,"self":0.00051939999999999994,"total":0.00051939999999999994,"children":null},"InitializeSensors":{"count":4,"self":0.0010004,"total":0.0010004,"children":null},"AgentSendState":{"count":205934,"self":0.17489259999999998,"total":0.17489259999999998,"children":null},"DecideAction":{"count":205934,"self":3.2812723999999998,"total":3.2812723999999998,"children":null},"AgentAct":{"count":205934,"self":0.060629999999999996,"total":0.060629999999999996,"children":null},"AgentInfo.ToProto":{"count":4,"self":0,"total":0.0030361999999999997,"children":{"GenerateSensorData":{"count":4,"self":0.0030361999999999997,"total":0.0030361999999999997,"children":null}}}},"gauges":{"AI42Agent.CumulativeReward":{"count":4,"max":0,"min":0,"runningAverage":0,"value":0,"weightedAverage":0}},"metadata":{"timer_format_version":"0.1.0","start_time_seconds":"1748145411","unity_version":"6000.1.2f1","command_line_arguments":"C:\\Program Files\\Unity\\Hub\\Editor\\6000.1.2f1\\Editor\\Unity.exe -projectpath C:\\Users\\dcurr\\source\\repos\\dcurr20\\AI42 -useHub -hubIPC -cloudEnvironment production -licensingIpc LicenseClient-dcurr -hubSessionId 903f9ac6-ba78-405f-9be7-251297685699 -accessToken qAgxH0dFpDUr3dN5CDnj57z7nNMGNFN0qHG0UEzG88o012f","communication_protocol_version":"1.5.0","com.unity.ml-agents_version":"2.0.0-exp.1","scene_name":"MainScene","end_time_seconds":"1748145560"}}